{
    "providers": [
        {
            "type": "bitmap",
            "file": "minecraft:custom/mark.png",
            "ascent": -2,
            "height": 36,
            "chars": ["\uE058"]
        },{
            "type": "bitmap",
            "file": "minecraft:custom/z.png",
            "ascent": -2,
            "height": 36,
            "chars": ["\uE057"]
        },{
            "type": "bitmap",
            "file": "minecraft:custom/y.png",
            "ascent": -2,
            "height": 36,
            "chars": ["\uE056"]
        },{
            "type": "bitmap",
            "file": "minecraft:custom/x.png",
            "ascent": -2,
            "height": 36,
            "chars": ["\uE055"]
        },{
            "type": "bitmap",
            "file": "minecraft:custom/w.png",
            "ascent": -2,
            "height": 36,
            "chars": ["\uE054"]
        },{
            "type": "bitmap",
            "file": "minecraft:custom/v.png",
            "ascent": -2,
            "height": 36,
            "chars": ["\uE053"]
        },{
            "type": "bitmap",
            "file": "minecraft:custom/u.png",
            "ascent": -2,
            "height": 36,
            "chars": ["\uE052"]
        },{
            "type": "bitmap",
            "file": "minecraft:custom/t.png",
            "ascent": -2,
            "height": 36,
            "chars": ["\uE051"]
        },{
            "type": "bitmap",
            "file": "minecraft:custom/s.png",
            "ascent": -2,
            "height": 36,
            "chars": ["\uE050"]
        },{
            "type": "bitmap",
            "file": "minecraft:custom/r.png",
            "ascent": -2,
            "height": 36,
            "chars": ["\uE049"]
        },{
            "type": "bitmap",
            "file": "minecraft:custom/q.png",
            "ascent": -2,
            "height": 36,
            "chars": ["\uE048"]
        },{
            "type": "bitmap",
            "file": "minecraft:custom/p.png",
            "ascent": -2,
            "height": 36,
            "chars": ["\uE047"]
        },{
            "type": "bitmap",
            "file": "minecraft:custom/o.png",
            "ascent": -2,
            "height": 36,
            "chars": ["\uE046"]
        },{
            "type": "bitmap",
            "file": "minecraft:custom/n.png",
            "ascent": -2,
            "height": 36,
            "chars": ["\uE045"]
        },{
            "type": "bitmap",
            "file": "minecraft:custom/m.png",
            "ascent": -2,
            "height": 36,
            "chars": ["\uE044"]
        },{
            "type": "bitmap",
            "file": "minecraft:custom/l.png",
            "ascent": -2,
            "height": 36,
            "chars": ["\uE043"]
        },{
            "type": "bitmap",
            "file": "minecraft:custom/k.png",
            "ascent": -2,
            "height": 36,
            "chars": ["\uE042"]
        },{
            "type": "bitmap",
            "file": "minecraft:custom/j.png",
            "ascent": -2,
            "height": 36,
            "chars": ["\uE041"]
        },{
            "type": "bitmap",
            "file": "minecraft:custom/a.png",
            "ascent": -2,
            "height": 36,
            "chars": ["\uE040"]
        },{
            "type": "bitmap",
            "file": "minecraft:custom/i.png",
            "ascent": -2,
            "height": 36,
            "chars": ["\uE039"]
        },{
            "type": "bitmap",
            "file": "minecraft:custom/h.png",
            "ascent": -2,
            "height": 36,
            "chars": ["\uE038"]
        },{
            "type": "bitmap",
            "file": "minecraft:custom/g.png",
            "ascent": -2,
            "height": 36,
            "chars": ["\uE037"]
        },{
            "type": "bitmap",
            "file": "minecraft:custom/f.png",
            "ascent": -2,
            "height": 36,
            "chars": ["\uE036"]
        },{
            "type": "bitmap",
            "file": "minecraft:custom/e.png",
            "ascent": -2,
            "height": 36,
            "chars": ["\uE035"]
        },{
            "type": "bitmap",
            "file": "minecraft:custom/d.png",
            "ascent": -2,
            "height": 36,
            "chars": ["\uE034"]
        },{
            "type": "bitmap",
            "file": "minecraft:custom/c.png",
            "ascent": -2,
            "height": 36,
            "chars": ["\uE033"]
        },{
            "type": "bitmap",
            "file": "minecraft:custom/b.png",
            "ascent": -2,
            "height": 36,
            "chars": ["\uE032"]
        },{
            "type": "bitmap",
            "file": "minecraft:custom/a.png",
            "ascent": -2,
            "height": 36,
            "chars": ["\uE031"]
        },{
            "type": "bitmap",
            "file": "minecraft:custom/0.png",
            "ascent": -2,
            "height": 36,
            "chars": ["\uE010"]
        },{
            "type": "bitmap",
            "file": "minecraft:custom/1.png",
            "ascent": -2,
            "height": 36,
            "chars": ["\uE011"]
        },{
            "type": "bitmap",
            "file": "minecraft:custom/2.png",
            "ascent": -2,
            "height": 36,
            "chars": ["\uE012"]
        },{
            "type": "bitmap",
            "file": "minecraft:custom/3.png",
            "ascent": -2,
            "height": 36,
            "chars": ["\uE013"]
        },{
            "type": "bitmap",
            "file": "minecraft:custom/4.png",
            "ascent": -2,
            "height": 36,
            "chars": ["\uE014"]
        },{
            "type": "bitmap",
            "file": "minecraft:custom/5.png",
            "ascent": -2,
            "height": 36,
            "chars": ["\uE015"]
        },{
            "type": "bitmap",
            "file": "minecraft:custom/6.png",
            "ascent": -2,
            "height": 36,
            "chars": ["\uE016"]
        },{
            "type": "bitmap",
            "file": "minecraft:custom/7.png",
            "ascent": -2,
            "height": 36,
            "chars": ["\uE017"]
        },{
            "type": "bitmap",
            "file": "minecraft:custom/8.png",
            "ascent": -2,
            "height": 36,
            "chars": ["\uE018"]
        },{
            "type": "bitmap",
            "file": "minecraft:custom/9.png",
            "ascent": -2,
            "height": 36,
            "chars": ["\uE019"]
        },{
            "type": "bitmap",
            "file": "minecraft:custom/dash.png",
            "ascent": -2,
            "height": 36,
            "chars": ["\uE020"]
        },{
            "type": "bitmap",
            "file": "minecraft:custom/space.png",
            "ascent": -2,
            "height": 36,
            "chars": ["\uE021"]
        },{
            "type": "bitmap",
            "file": "minecraft:custom/icon.png",
            "ascent": 56,
            "height": 86,
            "chars": ["\uE000"]
        },{
            "type": "bitmap",
            "file": "minecraft:custom/heart_aus.png",
            "ascent": -57,
            "height": 3,
            "chars": ["\uE100"]
        },{
            "type": "bitmap",
            "file": "minecraft:custom/heart_bat.png",
            "ascent": -57,
            "height": 3,
            "chars": ["\uE101"]
        },{
            "type": "bitmap",
            "file": "minecraft:custom/heart_fortnite.png",
            "ascent": -57,
            "height": 3,
            "chars": ["\uE102"]
        },{
            "type": "bitmap",
            "file": "minecraft:custom/heart_mario.png",
            "ascent": -57,
            "height": 3,
            "chars": ["\uE103"]
        },{
            "type": "bitmap",
            "file": "minecraft:custom/heart_pikachu.png",
            "ascent": -57,
            "height": 3,
            "chars": ["\uE104"]
        },{
            "type": "bitmap",
            "file": "minecraft:custom/heart_roblox.png",
            "ascent": -57,
            "height": 3,
            "chars": ["\uE001"]
        },{
            "type": "bitmap",
            "file": "minecraft:custom/heart_normal.png",
            "ascent": -57,
            "height": 3,
            "chars": ["\uE002"]
        },
        {
            "type": "bitmap",
            "file": "space:font/space_split.png",
            "ascent": -32768,
            "height": -3,
            "chars": [
                "\uF801"
            ]
        },
        {
            "type": "bitmap",
            "file": "space:font/space_split.png",
            "ascent": -32768,
            "height": -4,
            "chars": [
                "\uF802"
            ]
        },
        {
            "type": "bitmap",
            "file": "space:font/space_split.png",
            "ascent": -32768,
            "height": -5,
            "chars": [
                "\uF803"
            ]
        },
        {
            "type": "bitmap",
            "file": "space:font/space_split.png",
            "ascent": -32768,
            "height": -6,
            "chars": [
                "\uF804"
            ]
        },
        {
            "type": "bitmap",
            "file": "space:font/space_split.png",
            "ascent": -32768,
            "height": -7,
            "chars": [
                "\uF805"
            ]
        },
        {
            "type": "bitmap",
            "file": "space:font/space_split.png",
            "ascent": -32768,
            "height": -8,
            "chars": [
                "\uF806"
            ]
        },
        {
            "type": "bitmap",
            "file": "space:font/space_split.png",
            "ascent": -32768,
            "height": -9,
            "chars": [
                "\uF807"
            ]
        },
        {
            "type": "bitmap",
            "file": "space:font/space_split.png",
            "ascent": -32768,
            "height": -10,
            "chars": [
                "\uF808"
            ]
        },
        {
            "type": "bitmap",
            "file": "space:font/space_split.png",
            "ascent": -32768,
            "height": -18,
            "chars": [
                "\uF809"
            ]
        },
        {
            "type": "bitmap",
            "file": "space:font/space_split.png",
            "ascent": -32768,
            "height": -34,
            "chars": [
                "\uF80A"
            ]
        },
        {
            "type": "bitmap",
            "file": "space:font/space_split.png",
            "ascent": -32768,
            "height": -66,
            "chars": [
                "\uF80B"
            ]
        },
        {
            "type": "bitmap",
            "file": "space:font/space_split.png",
            "ascent": -32768,
            "height": -130,
            "chars": [
                "\uF80C"
            ]
        },
        {
            "type": "bitmap",
            "file": "space:font/space_split.png",
            "ascent": -32768,
            "height": -258,
            "chars": [
                "\uF80D"
            ]
        },
        {
            "type": "bitmap",
            "file": "space:font/space_split.png",
            "ascent": -32768,
            "height": -514,
            "chars": [
                "\uF80E"
            ]
        },
        {
            "type": "bitmap",
            "file": "space:font/space_split.png",
            "ascent": -32768,
            "height": -1026,
            "chars": [
                "\uF80F"
            ]
        },
        {
            "type": "bitmap",
            "file": "space:font/space_split.png",
            "ascent": -65536,
            "height": -32770,
            "chars": [
                "\uF800"
            ]
        },
        {
            "type": "bitmap",
            "file": "space:font/space_split.png",
            "ascent": -32768,
            "height": 0,
            "chars": [
                "\uF821"
            ]
        },
        {
            "type": "bitmap",
            "file": "space:font/space_split.png",
            "ascent": -32768,
            "height": 1,
            "chars": [
                "\uF822"
            ]
        },
        {
            "type": "bitmap",
            "file": "space:font/space_split.png",
            "ascent": -32768,
            "height": 2,
            "chars": [
                "\uF823"
            ]
        },
        {
            "type": "bitmap",
            "file": "space:font/space_split.png",
            "ascent": -32768,
            "height": 3,
            "chars": [
                "\uF824"
            ]
        },
        {
            "type": "bitmap",
            "file": "space:font/space_split.png",
            "ascent": -32768,
            "height": 4,
            "chars": [
                "\uF825"
            ]
        },
        {
            "type": "bitmap",
            "file": "space:font/space_split.png",
            "ascent": -32768,
            "height": 5,
            "chars": [
                "\uF826"
            ]
        },
        {
            "type": "bitmap",
            "file": "space:font/space_split.png",
            "ascent": -32768,
            "height": 6,
            "chars": [
                "\uF827"
            ]
        },
        {
            "type": "bitmap",
            "file": "space:font/space_split.png",
            "ascent": -32768,
            "height": 7,
            "chars": [
                "\uF828"
            ]
        },
        {
            "type": "bitmap",
            "file": "space:font/space_split.png",
            "ascent": -32768,
            "height": 15,
            "chars": [
                "\uF829"
            ]
        },
        {
            "type": "bitmap",
            "file": "space:font/space_split.png",
            "ascent": -32768,
            "height": 31,
            "chars": [
                "\uF82A"
            ]
        },
        {
            "type": "bitmap",
            "file": "space:font/space_split.png",
            "ascent": -32768,
            "height": 63,
            "chars": [
                "\uF82B"
            ]
        },
        {
            "type": "bitmap",
            "file": "space:font/space_split.png",
            "ascent": -32768,
            "height": 127,
            "chars": [
                "\uF82C"
            ]
        },
        {
            "type": "bitmap",
            "file": "space:font/space_split.png",
            "ascent": -32768,
            "height": 255,
            "chars": [
                "\uF82D"
            ]
        },
        {
            "type": "bitmap",
            "file": "space:font/space_split.png",
            "ascent": -32768,
            "height": 511,
            "chars": [
                "\uF82E"
            ]
        },
        {
            "type": "bitmap",
            "file": "space:font/space_split.png",
            "ascent": -32768,
            "height": 1023,
            "chars": [
                "\uF82F"
            ]
        },
        {
            "type": "bitmap",
            "file": "space:font/space_split.png",
            "ascent": -65536,
            "height": 32767,
            "chars": [
                "\uF820"
            ]
        },
        {
            "type": "bitmap",
            "file": "space:font/space_nosplit.png",
            "ascent": -32768,
            "height": -3,
            "chars": [
                "\uF811"
            ]
        },
        {
            "type": "bitmap",
            "file": "space:font/space_nosplit.png",
            "ascent": -32768,
            "height": -4,
            "chars": [
                "\uF812"
            ]
        },
        {
            "type": "bitmap",
            "file": "space:font/space_nosplit.png",
            "ascent": -32768,
            "height": -5,
            "chars": [
                "\uF813"
            ]
        },
        {
            "type": "bitmap",
            "file": "space:font/space_nosplit.png",
            "ascent": -32768,
            "height": -6,
            "chars": [
                "\uF814"
            ]
        },
        {
            "type": "bitmap",
            "file": "space:font/space_nosplit.png",
            "ascent": -32768,
            "height": -7,
            "chars": [
                "\uF815"
            ]
        },
        {
            "type": "bitmap",
            "file": "space:font/space_nosplit.png",
            "ascent": -32768,
            "height": -8,
            "chars": [
                "\uF816"
            ]
        },
        {
            "type": "bitmap",
            "file": "space:font/space_nosplit.png",
            "ascent": -32768,
            "height": -9,
            "chars": [
                "\uF817"
            ]
        },
        {
            "type": "bitmap",
            "file": "space:font/space_nosplit.png",
            "ascent": -32768,
            "height": -10,
            "chars": [
                "\uF818"
            ]
        },
        {
            "type": "bitmap",
            "file": "space:font/space_nosplit.png",
            "ascent": -32768,
            "height": -18,
            "chars": [
                "\uF819"
            ]
        },
        {
            "type": "bitmap",
            "file": "space:font/space_nosplit.png",
            "ascent": -32768,
            "height": -34,
            "chars": [
                "\uF81A"
            ]
        },
        {
            "type": "bitmap",
            "file": "space:font/space_nosplit.png",
            "ascent": -32768,
            "height": -66,
            "chars": [
                "\uF81B"
            ]
        },
        {
            "type": "bitmap",
            "file": "space:font/space_nosplit.png",
            "ascent": -32768,
            "height": -130,
            "chars": [
                "\uF81C"
            ]
        },
        {
            "type": "bitmap",
            "file": "space:font/space_nosplit.png",
            "ascent": -32768,
            "height": -258,
            "chars": [
                "\uF81D"
            ]
        },
        {
            "type": "bitmap",
            "file": "space:font/space_nosplit.png",
            "ascent": -32768,
            "height": -514,
            "chars": [
                "\uF81E"
            ]
        },
        {
            "type": "bitmap",
            "file": "space:font/space_nosplit.png",
            "ascent": -32768,
            "height": -1026,
            "chars": [
                "\uF81F"
            ]
        },
        {
            "type": "bitmap",
            "file": "space:font/space_nosplit.png",
            "ascent": -65536,
            "height": -32770,
            "chars": [
                "\uF810"
            ]
        },
        {
            "type": "bitmap",
            "file": "space:font/space_nosplit.png",
            "ascent": -32768,
            "height": 0,
            "chars": [
                "\uF831"
            ]
        },
        {
            "type": "bitmap",
            "file": "space:font/space_nosplit.png",
            "ascent": -32768,
            "height": 1,
            "chars": [
                "\uF832"
            ]
        },
        {
            "type": "bitmap",
            "file": "space:font/space_nosplit.png",
            "ascent": -32768,
            "height": 2,
            "chars": [
                "\uF833"
            ]
        },
        {
            "type": "bitmap",
            "file": "space:font/space_nosplit.png",
            "ascent": -32768,
            "height": 3,
            "chars": [
                "\uF834"
            ]
        },
        {
            "type": "bitmap",
            "file": "space:font/space_nosplit.png",
            "ascent": -32768,
            "height": 4,
            "chars": [
                "\uF835"
            ]
        },
        {
            "type": "bitmap",
            "file": "space:font/space_nosplit.png",
            "ascent": -32768,
            "height": 5,
            "chars": [
                "\uF836"
            ]
        },
        {
            "type": "bitmap",
            "file": "space:font/space_nosplit.png",
            "ascent": -32768,
            "height": 6,
            "chars": [
                "\uF837"
            ]
        },
        {
            "type": "bitmap",
            "file": "space:font/space_nosplit.png",
            "ascent": -32768,
            "height": 7,
            "chars": [
                "\uF838"
            ]
        },
        {
            "type": "bitmap",
            "file": "space:font/space_nosplit.png",
            "ascent": -32768,
            "height": 15,
            "chars": [
                "\uF839"
            ]
        },
        {
            "type": "bitmap",
            "file": "space:font/space_nosplit.png",
            "ascent": -32768,
            "height": 31,
            "chars": [
                "\uF83A"
            ]
        },
        {
            "type": "bitmap",
            "file": "space:font/space_nosplit.png",
            "ascent": -32768,
            "height": 63,
            "chars": [
                "\uF83B"
            ]
        },
        {
            "type": "bitmap",
            "file": "space:font/space_nosplit.png",
            "ascent": -32768,
            "height": 127,
            "chars": [
                "\uF83C"
            ]
        },
        {
            "type": "bitmap",
            "file": "space:font/space_nosplit.png",
            "ascent": -32768,
            "height": 255,
            "chars": [
                "\uF83D"
            ]
        },
        {
            "type": "bitmap",
            "file": "space:font/space_nosplit.png",
            "ascent": -32768,
            "height": 511,
            "chars": [
                "\uF83E"
            ]
        },
        {
            "type": "bitmap",
            "file": "space:font/space_nosplit.png",
            "ascent": -32768,
            "height": 1023,
            "chars": [
                "\uF83F"
            ]
        },
        {
            "type": "bitmap",
            "file": "space:font/space_nosplit.png",
            "ascent": -65536,
            "height": 32767,
            "chars": [
                "\uF830"
            ]
        }
    ]
}