{
    "type": "minecraft:crafting_shaped",
    "pattern": [
        "#C#",
        "OTO",
        "OOO"
    ],
    "key": {
        "#": {
            "item": "minecraft:oak_door"
        },
        "C": {
            "item": "minecraft:crafting_table"
        },
        "O": {
            "item": "minecraft:oak_wood"
        },
        "T": {
            "item": "minecraft:tnt"
        }
    },
    "result": {
        "item": "minecraft:knowledge_book",
        "count": 1
    }
}