{
    "type": "minecraft:crafting_shaped",
    "pattern": [
        "#E#",
        "gCg",
        "ggg"
    ],
    "key": {
        "#": {
            "item": "minecraft:popped_chorus_fruit"
        },
        "E": {
            "item": "minecraft:ender_pearl"
        },
        "g": {
            "item": "minecraft:gold_ingot"
        },
        "C": {
            "item": "minecraft:compass"
        }
    },
    "result": {
        "item": "minecraft:knowledge_book",
        "count": 1
    }
}